{
  "hash": "0fb221ac",
  "configHash": "1a35c691",
  "lockfileHash": "6ba15a4c",
  "browserHash": "9dd59779",
  "optimized": {
    "@angular/common": {
      "src": "../../../../../../node_modules/@angular/common/fesm2022/common.mjs",
      "file": "@angular_common.js",
      "fileHash": "62d21517",
      "needsInterop": false
    },
    "@angular/common/http": {
      "src": "../../../../../../node_modules/@angular/common/fesm2022/http.mjs",
      "file": "@angular_common_http.js",
      "fileHash": "13ab2523",
      "needsInterop": false
    },
    "@angular/core": {
      "src": "../../../../../../node_modules/@angular/core/fesm2022/core.mjs",
      "file": "@angular_core.js",
      "fileHash": "44b74432",
      "needsInterop": false
    },
    "@angular/forms": {
      "src": "../../../../../../node_modules/@angular/forms/fesm2022/forms.mjs",
      "file": "@angular_forms.js",
      "fileHash": "1a79a8f8",
      "needsInterop": false
    },
    "@angular/platform-browser": {
      "src": "../../../../../../node_modules/@angular/platform-browser/fesm2022/platform-browser.mjs",
      "file": "@angular_platform-browser.js",
      "fileHash": "06329263",
      "needsInterop": false
    },
    "@angular/router": {
      "src": "../../../../../../node_modules/@angular/router/fesm2022/router.mjs",
      "file": "@angular_router.js",
      "fileHash": "8acc7d7c",
      "needsInterop": false
    },
    "rxjs": {
      "src": "../../../../../../node_modules/rxjs/dist/esm5/index.js",
      "file": "rxjs.js",
      "fileHash": "9df20371",
      "needsInterop": false
    }
  },
  "chunks": {
    "chunk-D6TB5TUJ": {
      "file": "chunk-D6TB5TUJ.js"
    },
    "chunk-CG2HPPIH": {
      "file": "chunk-CG2HPPIH.js"
    },
    "chunk-FJ2LSRVL": {
      "file": "chunk-FJ2LSRVL.js"
    },
    "chunk-3B7WPXDT": {
      "file": "chunk-3B7WPXDT.js"
    },
    "chunk-MTES5EJZ": {
      "file": "chunk-MTES5EJZ.js"
    },
    "chunk-S35MAB2V": {
      "file": "chunk-S35MAB2V.js"
    }
  }
}